,Title,New price,Old price,No of stars
0,"Bedding Sets Quality Duvet, Bedsheets And Four Pillowcases","₦ 38,000 - ₦ 48,000",,5 out of 5
1,"Bedding Collection Duvet, Bedsheets And Four Pillowcases","₦ 38,000 - ₦ 48,000",,
2,Bedding Sets  Unique Designed Bedsheets With Pillowcase(s),"₦ 13,000 - ₦ 18,000",,3.6 out of 5
3,Spice Bedsheets Bedsheet And Duvet With 4pillowcases,"₦ 28,950","₦ 30,000",4.4 out of 5
4,"Bedding Sets Quality Duvet, Bedsheets And Four Pillowcases","₦ 38,000 - ₦ 48,000",,
5,"Bedding Sets Quality Duvet,Bedsheets And Four Pillowcases","₦ 38,000 - ₦ 48,000",,
6,"Bedding Sets Quality Duvet,Bedsheets And Four Pillowcases","₦ 38,000 - ₦ 48,000",,
7,Bedding Collection NEW DESIGN BEDSHEET AND PILLOWCASE,"₦ 12,500",,
8,"Bedding Sets Quality Duvet, Bedsheets And Four Pillowcases","₦ 38,000 - ₦ 48,000",,
9,"Bedding Sets Quality Duvet, Bedsheets And Four Pillowcases","₦ 38,000 - ₦ 48,000",,
10,"Bedding Sets Quality Duvet, Bedsheets And Four Pillowcases","₦ 38,000 - ₦ 48,000",,
11,Bedding Sets  Unique Designed Bedsheets With Pillowcase(s),"₦ 12,500 - ₦ 17,500",,1 out of 5
12,"Bedding Collection Quality Duvet, Bedsheets And Four Pillowcases","₦ 38,000 - ₦ 48,000",,
13,Bedding Sets  Unique Designed Bedsheets With Pillowcase(s),"₦ 13,000 - ₦ 18,000",,
14,"Bedding Collection Duvet, Bedsheets And Four Pillowcases","₦ 38,000 - ₦ 48,000",,
15,"Bedding Sets Duvet, Bedsheets And Four Pillowcases","₦ 38,000 - ₦ 48,000",,
16,"Bedding Collection Quality Duvet, Bedsheets And Four Pillowcases","₦ 38,000 - ₦ 48,000",,5 out of 5
17,Bedding Sets  Unique Designed Bedsheets With Pillowcase(s),"₦ 12,500 - ₦ 17,500",,
18,"Bedding Sets Duvet, Bedsheets And Four Pillowcases","₦ 38,000 - ₦ 48,000",,
19,"Bedding Collection Quality Duvet, Bedsheets And Four Pillowcases","₦ 38,000 - ₦ 48,000",,
20,"Bedding Collection Quality Duvet, Bedsheets And Four Pillowcases","₦ 38,000 - ₦ 48,000",,
21,Spice Bedsheets Beautiful Bedsheets With 4pillowcase (NO DUVET),"₦ 13,299 - ₦ 14,999","₦ 19,000 - ₦ 20,000",3.7 out of 5
22,Bedding Sets  Unique Designed Bedsheets With Pillowcase(s),"₦ 12,500 - ₦ 17,500",,5 out of 5
23,"Bedding Sets NEW DESIGN Duvet,Bedsheets And Pillowcases","₦ 46,000",,
24,"Duvet,Bedsheets And Four Pillowcases","₦ 26,999 - ₦ 29,999","₦ 26,999 - ₦ 30,999",4.1 out of 5
25,Brown Bedsheets With Duvet And Pillowcase Cases(free Gift Included),"₦ 38,000 - ₦ 39,900","₦ 40,000 - ₦ 42,000",4.4 out of 5
26,Quality Duvet + Bedsheets + Pillowcases-Blue Star/White Star,"₦ 24,980 - ₦ 27,980",,4.3 out of 5
27,"Bedding Sets Duvet,Bedsheets And Pillowcases","₦ 45,000",,
28,"Smart Bedding & Beyond Complete  Duvet,Bedsheets With Pillowcases+Duvet","₦ 46,000",,
29,Bedding Sets  DESIGN BEDSHEET AND PILLOWCASE,"₦ 12,500 - ₦ 17,500",,
30,Quality Duvet + Bedsheets + Pillowcases - Multcolour,"₦ 25,999 - ₦ 26,999",,4.5 out of 5
31,"Duvet,Bedsheets And Two Pillowcases(1.8m Bed)","₦ 19,310","₦ 26,820",
32,"Sharp Duvet,Bedsheets And  Pillowcases Blk/white","₦ 24,500 - ₦ 26,900",,3.7 out of 5
33,"Bedding Sets NEW DESIGN Duvet,Bedsheets And Pillowcases","₦ 46,000",,
34,"Plain Set Duvet,Bedsheets And Four Pillowcase","₦ 25,500 - ₦ 25,999",,3.8 out of 5
35,"Bedding Sets NEW DESIGN Duvet,Bedsheets And Pillowcases","₦ 38,000",,
36,"Duvet,Bedsheets And Four Pillowcases","₦ 24,999 - ₦ 25,500",,3.9 out of 5
37,Beautiful Pattern Bedsheets And Pillowcases,"₦ 12,500 - ₦ 17,500",,3.5 out of 5
38,"Bedding Sets NEW DESIGN Duvet,Bedsheets And Pillowcases","₦ 46,000",,
39,"Complete Home Duvet,Bedsheets With Pillowcases+Duvet Bag","₦ 33,250 - ₦ 39,900","₦ 35,000 - ₦ 42,000",3.2 out of 5
40,"Complete Duvet Set, Bedsheets And Cute Pillowcases","₦ 31,350 - ₦ 38,949","₦ 33,000 - ₦ 40,999",4.6 out of 5
41,"Duvet,Bedsheets And Four Pillowcases","₦ 25,999",,2.7 out of 5
42,Bedsheets and four pillowcases 6by6,"₦ 19,500",,
43,"Duvet,Bedsheets And Four Pillowcases","₦ 26,999",,3.7 out of 5
44,Bedding Sets Bedsheet And Duvet With 4pillowcases,"₦ 34,000 - ₦ 48,000",,
45,"Smart Bedding & Beyond Complete  Duvet,Bedsheets With Pillowcases+Duvet","₦ 49,000",,
46,"Bedding Sets Duvet,Bedsheets And Pillowcases","₦ 49,000",,5 out of 5
47,"Quality  Duvet,Bedsheets And Pillowcase 6by6","₦ 38,500",,5 out of 5
48,Beautiful Pattern Bedsheets And Pillowcases,"₦ 12,500 - ₦ 17,500",,
49,"Bedding Sets Duvet, Bedsheets And Four Pillowcases","₦ 38,000 - ₦ 48,000",,1 out of 5
50,"Bedding Sets NEW DESIGN Duvet,Bedsheets And Pillowcases","₦ 49,000",,
51,Bedding Collection NEW DESIGN BEDSHEET AND 4 PILLOWCASE,"₦ 12,500",,
52,"Duvet, Bedsheets And Four Pillowcases","₦ 38,000 - ₦ 48,000",,
53,Bedding Sets Soft Bedsheets With Pillowcase(s),"₦ 7,400 - ₦ 14,600","₦ 10,000 - ₦ 30,000",
54,"Bedding Sets NEW DESIGN Duvet,Bedsheets And Pillowcases","₦ 38,000",,
55,"Quality Duvet,Bedsheets And Pillowcase - Sky Blue","₦ 20,999 - ₦ 24,999",,
56,Beautiful Pattern Bedsheets And Pillowcases,"₦ 16,000",,
57,"Bedding Sets Duvet,Bedsheets And Pillowcases","₦ 47,000",,
58,"Cool Duvet, Bedsheets And 4 Pillowcases","₦ 27,999",,1.7 out of 5
59,Bedsheets And Pillowcase,"₦ 15,000 - ₦ 23,000",,4 out of 5
60,Beautiful Pattern Bedsheets And Pillowcases,"₦ 12,500 - ₦ 17,500",,
61,"Bedding Sets Duvet,Bedsheets And Pillowcases","₦ 48,000",,
62,"Bedding Sets NEW DESIGN Duvet,Bedsheets And Pillowcases","₦ 38,000",,
63,"Bedding Sets PLAIN WHITE Duvet,Bedsheets And Pillowcases","₦ 38,000",,
64,"Bedding Sets  Duvet,Bedsheets And Pillowcases","₦ 38,000",,
65,Beautiful Pattern Bedsheets And Pillowcases,"₦ 12,500 - ₦ 17,500",,
66,"Smart Bedding & Beyond Quality Duvet,Bedsheets With Pillowcases","₦ 38,000",,
67,"Bedding Collection Duvet, Bedsheets And Four Pillowcases","₦ 38,500",,
68,"Bedding Sets NEW DESIGN Duvet,Bedsheets And Pillowcases","₦ 34,000",,
69,"Quality Duvet,Bedsheets And Pillowcase 6by6","₦ 38,500",,
70,"Bedding Sets  Duvet,Bedsheets And Pillowcases","₦ 38,000",,
71,"Plain White Set Of Duvet, Bedsheets And 2 Pillowcases","₦ 49,800",,
72,"Bedding Sets NEW DESIGN Duvet,Bedsheets And Pillowcases","₦ 49,000",,
73,"Quality Duvet,Bedsheets And Four Pillowcases","₦ 38,000 - ₦ 48,000",,
74,"Quality Duvet,Bedsheets And 4 Pillowcases","₦ 38,000 - ₦ 48,000",,
75,Duvet +Bedsheets+Pillowcases,"₦ 38,000 - ₦ 48,000",,
76,"Bedding Sets NEW DESIGN 6X6 Duvet,Bedsheets And 4 Pillowcases","₦ 42,000",,
77,"Bedding Sets PLAIN WHITE Duvet,Bedsheets And Pillowcases","₦ 47,000",,
78,Quality Duvet +Bedsheets+ Pillowcases - Blue/Multi Colour,"₦ 25,000 - ₦ 27,005",,4 out of 5
79,"Bedding Collection Duvet, Bedsheets And Four Pillowcases","₦ 37,500",,
80,"Plain White Set Of Duvet, Bedsheets And 2 Pillowcases","₦ 49,800",,
81,"Quality Duvet,Bedsheets And Four Pillowcases","₦ 38,000 - ₦ 48,000",,
82,"Quality Duvet,Bedsheets And 4 Pillowcases","₦ 38,000 - ₦ 48,000",,
83,Duvet +Bedsheets+Pillowcases,"₦ 38,000 - ₦ 48,000",,
84,"Bedding Sets NEW DESIGN 6X6 Duvet,Bedsheets And 4 Pillowcases","₦ 42,000",,
85,Quality Duvet +Bedsheets+ Pillowcases - Blue/Multi Colour,"₦ 25,000 - ₦ 27,005",,4 out of 5
86,"Bedding Collection Duvet, Bedsheets And Four Pillowcases","₦ 37,500",,
87,Bedsheets And Pillowcase 7by7,"₦ 41,500",,
88,"Quality Duvet,Bedsheets And 4 Pillowcases","₦ 38,000 - ₦ 48,000",,5 out of 5
89,"SoftScape Duvet, Bedsheets With 4 Pillowcases","₦ 55,800",,
90,"Plain White Set Of Duvet, Bedsheets And 2 Pillowcases","₦ 47,025","₦ 49,500",
91,"Bedding Collection Duvet, Bedsheets And Four Pillowcases","₦ 37,500",,
92,"Duvet,Bedsheets And Four Pillowcases 6by6","₦ 37,800",,
93,Bedsheets And Pillowcase 7by7,"₦ 42,500",,
94,Beautiful Pattern Bedsheets And Pillowcases,"₦ 12,500 - ₦ 17,500",,
95,Beautiful Pattern Bedsheets And Pillowcases,"₦ 16,000",,
96,Bedsheets And Pillowcase 4by6,"₦ 37,500",,
97,"Duvet, Bedsheets And Four Pillowcases","₦ 38,000 - ₦ 49,000",,
98,"Bedding Collection Duvet, Bedsheets And Four Pillowcases","₦ 37,500",,
99,Beautiful Pattern Bedsheets And Pillowcases,"₦ 12,500 - ₦ 17,500",,4 out of 5
100,"Bedding Sets Quality Duvet, Bedsheets And Four Pillowcases","₦ 38,000 - ₦ 48,000",,
101,"Bedding Sets Quality Duvet,Bedsheets And Four Pillowcases","₦ 38,000 - ₦ 48,000",,
102,Bedding Sets  DESIGN BEDSHEET AND PILLOWCASE,"₦ 12,500 - ₦ 17,500",,
103,"Bedding Sets Quality Duvet, Bedsheets And Four Pillowcases","₦ 38,000 - ₦ 48,000",,
104,"Bedding Collection Quality Duvet, Bedsheets And Four Pillowcases","₦ 38,000 - ₦ 48,000",,
105,Bedding Sets Bedsheet And Duvet With 4pillowcases,"₦ 35,000 - ₦ 49,000",,
106,"Bedding Sets NEW DESIGN Duvet,Bedsheets And Pillowcases","₦ 46,000",,
107,"Smart Bedding & Beyond Complete  Duvet,Bedsheets With Pillowcases+Duvet","₦ 46,000",,
108,Bedding Sets Bedsheet And Duvet With 4pillowcases,"₦ 34,000 - ₦ 49,000",,
109,"Bedding Sets NEW DESIGN Duvet,Bedsheets And Pillowcases","₦ 38,000",,
110,Spice Bedsheets Flowered Bedsheet With Pillowcases (NO DUVET),"₦ 7,500 - ₦ 14,999","₦ 12,000 - ₦ 20,000",3.3 out of 5
111,"Bedding Sets NEW DESIGN Duvet,Bedsheets And Pillowcases","₦ 46,000",,
112,Bedding Sets Bedsheet And Duvet With 4pillowcases,"₦ 35,000 - ₦ 49,000",,
113,"Bedding Sets Quality Duvet, Bedsheets And Four Pillowcases","₦ 38,000 - ₦ 48,000",,
114,"Bedding Sets Duvet,Bedsheets And Pillowcases","₦ 49,000",,5 out of 5
115,Bedding Sets Bedsheet And Duvet With 4pillowcases,"₦ 34,000 - ₦ 48,000",,
116,"Bedding Sets NEW DESIGN Duvet,Bedsheets And Pillowcases","₦ 49,000",,
117,"Smart Bedding & Beyond Complete  Duvet,Bedsheets With Pillowcases+Duvet","₦ 49,000",,
118,Bedding Sets Bedsheet And Duvet With 4pillowcases,"₦ 34,000 - ₦ 48,000",,
119,"Bedding Sets NEW DESIGN Duvet,Bedsheets And Pillowcases","₦ 38,000",,
120,"Bedding Sets NEW DESIGN Duvet,Bedsheets And Pillowcases","₦ 46,000",,
121,"Smart Bedding & Beyond Quality Duvet,Bedsheets With Pillowcases","₦ 46,000",,
122,"Smart Bedding & Beyond Quality Duvet,Bedsheets With Pillowcases","₦ 48,000",,
123,"Smart Bedding & Beyond Quality Duvet,Bedsheets With Pillowcases","₦ 48,000",,
124,"Smart Bedding & Beyond Quality Duvet,Bedsheets With Pillowcases","₦ 49,000",,
125,"Bedding Sets Quality Duvet, Bedsheets And Four Pillowcases (6 by 6) bright blue with green leaf patterns.","₦ 38,000","₦ 48,000",
126,"Smart Bedding & Beyond Quality Duvet,Bedsheets With Pillowcases","₦ 46,000",,
127,"Bedding Sets NEW DESIGN Duvet,Bedsheets And Pillowcases","₦ 48,000",,
128,"Bedding Sets Duvet,Bedsheets And Pillowcases","₦ 46,000",,
129,"Bedding Sets NEW DESIGN Duvet,Bedsheets And Pillowcases","₦ 48,500",,
130,"Bedding Sets NEW DESIGN Duvet,Bedsheets And Pillowcases","₦ 48,000",,
131,"Bedding Sets NEW DESIGN Duvet,Bedsheets And Pillowcases","₦ 46,000",,
132,"Bedding Sets Duvet,Bedsheets And Pillowcases","₦ 38,000",,
133,"Smart Bedding & Beyond Quality Duvet,Bedsheets With Pillowcases","₦ 38,000",,
134,"Bedding Sets NEW DESIGN Duvet,Bedsheets And Pillowcases","₦ 49,000",,
135,"Bedding Sets NEW DESIGN Duvet,Bedsheets And Pillowcases","₦ 38,000",,
136,"Bedding Sets Duvet,Bedsheets And Pillowcases","₦ 46,000",,
137,"Bedding Sets NEW DESIGN Duvet,Bedsheets And Pillowcases","₦ 49,000",,
138,"Bedding Sets Duvet,Bedsheets And Pillowcases","₦ 38,000",,
139,"Smart Bedding & Beyond Quality Duvet,Bedsheets With Pillowcases","₦ 38,000",,
140,"Bedding Sets NEW DESIGN Duvet,Bedsheets And Pillowcases","₦ 46,000",,
141,"Bedding Sets NEW DESIGN Duvet,Bedsheets And Pillowcases","₦ 49,000",,
142,"Bedding Sets NEW DESIGN Duvet,Bedsheets And Pillowcases","₦ 46,000",,
143,"Bedding Sets Duvet,Bedsheets And Pillowcases","₦ 49,000",,
144,"Bedding Sets NEW DESIGN Duvet,Bedsheets And Pillowcases","₦ 46,000",,
145,"Bedding Sets Duvet,Bedsheets And Pillowcases","₦ 48,000",,
146,"Bedding Sets NEW DESIGN Duvet,Bedsheets And Pillowcases","₦ 48,000",,
147,"Bedding Sets Duvet,Bedsheets And Pillowcases","₦ 46,000",,
148,"Bedding Sets NEW DESIGN Duvet,Bedsheets And Pillowcases","₦ 38,000",,
149,"Smart Bedding & Beyond Quality Duvet,Bedsheets With Pillowcases","₦ 46,000",,
150,"Bedding Sets Duvet,Bedsheets And Pillowcases","₦ 46,000",,
151,"Bedding Sets NEW DESIGN Duvet,Bedsheets And Pillowcases","₦ 46,000",,
152,"Smart Bedding & Beyond Quality Duvet,Bedsheets With Pillowcases","₦ 48,000",,
153,"Duvet,Bedsheets And Four Pillowcases","₦ 26,999 - ₦ 29,999","₦ 26,999 - ₦ 30,999",4.1 out of 5
154,"Complete Home Duvet,Bedsheets With Pillowcases+Duvet Bag","₦ 33,250 - ₦ 39,900","₦ 35,000 - ₦ 42,000",3.2 out of 5
155,"Complete Duvet Set, Bedsheets And Cute Pillowcases","₦ 31,350 - ₦ 38,949","₦ 33,000 - ₦ 40,999",4.6 out of 5
156,Brown Bedsheets With Duvet And Pillowcase Cases(free Gift Included),"₦ 38,000 - ₦ 39,900","₦ 40,000 - ₦ 42,000",4.4 out of 5
157,Cotton Quality Bedsheets with pillowcases,"₦ 9,500 - ₦ 13,500","₦ 12,000 - ₦ 16,000",3 out of 5
158,Duvet +Bedsheets+Pillowcases Stripped White,"₦ 26,999 - ₦ 27,999","₦ 28,999 - ₦ 29,999",4.3 out of 5
159,Quality Duvet + Bedsheets + Pillowcases-Blue Star/White Star,"₦ 24,980 - ₦ 27,980",,4.3 out of 5
160,"Plain Set Duvet,Bedsheets And Four Pillowcase","₦ 25,500 - ₦ 25,999",,3.8 out of 5
161,Quality Duvet + Bedsheets + Pillowcases - Multcolour,"₦ 25,999 - ₦ 26,999",,4.5 out of 5
162,"Duvet,Bedsheets And Four Pillowcases","₦ 24,999 - ₦ 25,500",,3.9 out of 5
163,"Quality Duvet, Bedsheets And 4 Pillowcases","₦ 28,500 - ₦ 31,500",,5 out of 5
164,Beautiful Pattern Bedsheets And Pillowcases,"₦ 12,500 - ₦ 17,500",,3.5 out of 5
165,"Lovely Duvet, Bedsheets With 4 Pillowcases","₦ 23,999",,3.3 out of 5
166,"Duvet,Bedsheets And Two Pillowcases(1.8m Bed)","₦ 19,310","₦ 26,820",
167,Bedsheets And Duvet With Four Pillow Case 6/6,"₦ 26,999",,5 out of 5
168,"Duvet, Bedsheets And Four Pillowcases","₦ 28,000 - ₦ 31,000",,4 out of 5
169,Duvet Bedsheets Design With Pillowcases,"₦ 28,000 - ₦ 29,550",,4.5 out of 5
170,"Sharp Duvet,Bedsheets And  Pillowcases Blk/white","₦ 24,500 - ₦ 26,900",,3.7 out of 5
171,"Quality  Duvet,Bedsheets And Pillowcase 6by6","₦ 38,500",,5 out of 5
172,Bedsheets And Duvet With Four Pillow Case 6/7,"₦ 27,000",,5 out of 5
173,"Unique Duvet,Bedsheets With Pillowcases","₦ 22,999 - ₦ 25,999",,3.7 out of 5
174,"Duvet,Bedsheets And Four Pillowcases","₦ 25,999",,2.7 out of 5
175,Bedsheets And Duvet With Four Pillow Case 7/7,"₦ 28,000",,1.3 out of 5
176,America Polish Pure Cotton Duvet Bedsheets And Pillow Cases,"₦ 32,000 - ₦ 42,000",,
177,"Quality Duvet, Bedsheets And 4 Pillowcases","₦ 28,500 - ₦ 31,500",,
178,Bedsheets And Duvet With Two Pillow Case 4/6,"₦ 25,000",,2 out of 5
179,"Duvet,Bedsheets And Four Pillowcases","₦ 26,999",,3.7 out of 5
180,"Duvet, Bedsheets And Four Pillowcases","₦ 26,000 - ₦ 29,550",,
181,"Quality Duvet, Bedsheets And 4 Pillowcases","₦ 28,500 - ₦ 31,500",,
182,"Duvet, Bedsheets And Four Pillowcases","₦ 28,500 - ₦ 31,500",,
183,"Duvet, Bedsheets And Four Pillowcases","₦ 38,000 - ₦ 48,000",,
184,Beautiful Pattern Bedsheets And Pillowcases,"₦ 16,000",,
185,"Cool Duvet, Bedsheets And 4 Pillowcases","₦ 27,999",,1.7 out of 5
186,"Quality Duvet,Bedsheets And 4 Pillowcases","₦ 28,500 - ₦ 31,500",,5 out of 5
187,"America Pure Cotton Polish Material, Duvet Bedsheets And Pillow Cases","₦ 34,500 - ₦ 45,200",,
188,America Polish High Quality Duvet Bedsheets And Pillow Cases,"₦ 39,900 - ₦ 45,800",,2 out of 5
189,Beautiful Pattern Bedsheets And Pillowcases,"₦ 12,500 - ₦ 17,500",,
190,"Bedding Sets Duvet, Bedsheets And Four Pillowcases","₦ 38,000 - ₦ 48,000",,1 out of 5
191,(4 ) PillowCase 6 By 7 Duvet Bedsheets,"₦ 35,000","₦ 36,000",5 out of 5
192,"Duvet, Bedsheets And Four Pillowcases","₦ 29,500 - ₦ 31,500",,4 out of 5
193,"Bedsheets, Duvet and four pillowcases  6 by 6","₦ 36,575","₦ 38,500",
194,Bedsheets and four pillowcases 6by6,"₦ 19,500",,
195,Beautiful Pattern Bedsheets And Pillowcases,"₦ 12,500 - ₦ 17,500",,
196,(4 ) PillowCase 6 By 7 Duvet Bedsheets,"₦ 35,000","₦ 36,000",
197,"America Pure Cotton Polish Material, Duvet Bedsheets And Pillow Cases","₦ 32,500 - ₦ 39,900",,
198,(4 ) PillowCase 6 By 7 Duvet Bedsheets,"₦ 35,000",,
199,"Duvet, Bedsheets And Four Pillowcases","₦ 28,500 - ₦ 31,500",,
200,Super Duvets&bedsheets With 4 Pillowcases,"₦ 25,500",,
201,"Duvet,Bedsheets And Four Pillowcases","₦ 26,000 - ₦ 30,000",,5 out of 5
202,"Complete Duvet Set, Bedsheets And Cute Pillowcases","₦ 26,000 - ₦ 32,000",,5 out of 5
203,"Quality Duvet,Bedsheets And Pillowcase - Sky Blue","₦ 20,999 - ₦ 24,999",,
204,"Duvet, Bedsheets And Four Pillowcases","₦ 28,000 - ₦ 30,500",,3 out of 5
205,(4 ) PillowCase 6 By 7 Duvet Bedsheets,"₦ 35,000",,4.8 out of 5
206,"Duvet, Bedsheets And Four Pillowcases","₦ 28,500 - ₦ 32,500",,3 out of 5
207,America Polish Quality Duvet Bedsheets And Pillow Cases,"₦ 46,500",,
208,"Duvet, Bedsheets And Four Pillowcases","₦ 28,500 - ₦ 31,500",,
209,"Plain White Set Of Duvet, Bedsheets And 2 Pillowcases","₦ 49,800",,
210,Bedsheets And Pillowcase,"₦ 15,000 - ₦ 23,000",,4 out of 5
211,Beautiful Pattern Bedsheets And Pillowcases,"₦ 12,500 - ₦ 17,500",,
212,Quality Duvet +Bedsheets+ Pillowcases - Blue/Multi Colour,"₦ 25,000 - ₦ 27,005",,4 out of 5
213,"Unique Duvet,Bedsheets With Pillowcases","₦ 28,999",,3.7 out of 5
214,America Polish High Quality Duvet Bedsheets And Pillow Cases,"₦ 42,500 - ₦ 45,500",,2.5 out of 5
215,"Bedsheets, Duvet and four pillowcases  6 by 6","₦ 38,500",,
216,(4 ) PillowCase 6 By 7 Duvet Bedsheets,"₦ 35,000","₦ 36,000",
217,Super Duvets&bedsheets With  Pillowcases (BLK/WHITE),"₦ 26,999",,4.5 out of 5
218,"Floral Bedsheets, Duvet And 4 Pillowcase Set","₦ 32,540",,3.3 out of 5
219,"Bedding Collection Duvet, Bedsheets And Four Pillowcases","₦ 37,500",,
220,"Quality Duvet, Bedsheets And 4 Pillowcases","₦ 28,500 - ₦ 31,500",,
221,"Bedding Collection Duvet, Bedsheets And Four Pillowcases","₦ 38,500",,
222,(4 ) PillowCase 6 By 7 Duvet Bedsheets,"₦ 35,000","₦ 36,000",
223,"Quality Duvet,Bedsheets And Pillowcase 6by6","₦ 38,500",,
224,"Quality Duvet,Bedsheets And 4 Pillowcases","₦ 38,000 - ₦ 48,000",,5 out of 5
225,Duvet +Bedsheets+Pillowcases Stripped White,"₦ 49,800",,
226,"SoftScape Duvet, Bedsheets With 4 Pillowcases","₦ 55,800",,
227,Cotton Unique Bedsheets with pillowcases (only bedsheets),"₦ 9,000 - ₦ 13,500","₦ 13,000 - ₦ 16,000",
228,Cotton Quality bedsheets and pillowcase (only bedsheet),"₦ 12,000 - ₦ 16,000",,
229,"Quality Duvet,Bedsheets And Four Pillowcases","₦ 38,000 - ₦ 48,000",,
230,(4 ) PillowCase 6 By 7 Duvet & Bedsheets,"₦ 35,000",,2 out of 5
231,"Unique Orange Duvet,Bedsheets With Pillowcases+Duvet Bag","₦ 29,000",,4.5 out of 5
232,Duvet Bedsheets And Pillow Cases,"₦ 31,000 - ₦ 48,500",,
233,"Unique Duvet, Bedsheets And Pillowcases-Blue","₦ 29,500","₦ 35,000",
234,"High Quality Cotton Duvet,Bedsheets And Pillowcases","₦ 55,000",,
235,"Quality Duvet,Bedsheets And Four Pillowcases","₦ 35,000 - ₦ 48,000",,
236,Bedding Sets Soft Bedsheets With Pillowcase(s),"₦ 7,400 - ₦ 14,600","₦ 10,000 - ₦ 30,000",
237,"Bedding Collection Duvet, Bedsheets And Four Pillowcases","₦ 37,500",,
238,"Duvet, Bedsheets And Four Pillowcases","₦ 28,000 - ₦ 31,500",,
239,"Quality Duvet,Bedsheets And 4 Pillowcases","₦ 38,000 - ₦ 48,000",,
240,"Duvet,Bedsheets And Four Pillowcases 6by6","₦ 37,800",,
241,Duvet +Bedsheets+Pillowcases,"₦ 38,000 - ₦ 48,000",,
242,"Multi Colour Designed Duvet, Bedsheets With 4 Pillowcases","₦ 45,500",,5 out of 5
243,"Duvet, Bedsheets And Four Pillowcases","₦ 28,000 - ₦ 29,500",,3 out of 5
244,Bedsheets And Pillowcase 7by7,"₦ 42,500",,
245,(4 ) PillowCase 6 By 7 Duvet Bedsheets,"₦ 35,000",,2.5 out of 5
246,"Bedsheets, duvet and four pillowcases","₦ 38,500",,
247,"Bedding Sets Duvet,Bedsheets And Pillowcases","₦ 47,000",,
248,"America pure cotton polish material, duvet bedsheets and pillow cases","₦ 31,800 - ₦ 40,200",,
249,"Bedding Sets NEW DESIGN Duvet,Bedsheets And Pillowcases","₦ 34,000",,
250,"Bedding Sets NEW DESIGN Duvet,Bedsheets And (4 Pillowcases)","₦ 43,000",,
251,"Bedding Sets Duvet,Bedsheets And (2 Pillowcases)","₦ 33,000",,
252,Quality duvet bedsheets pillow cases,"₦ 28,999 - ₦ 38,999",,3 out of 5
253,(4 ) PillowCase 6 By 7 Duvet Bedsheets,"₦ 35,000","₦ 36,000",
254,"CozyClus Duvet, Bedsheets With 4 Pillowcases 6by7","₦ 49,800",,
255,"Quality Duvet, Bedsheets And 4 Pillowcases","₦ 28,500 - ₦ 31,500",,
256,"Bedding Sets NEW DESIGN 6X6 Duvet,Bedsheets And 4 Pillowcases","₦ 42,000",,
257,Beautiful Pattern Bedsheets And Pillowcases,"₦ 12,500 - ₦ 17,500",,
258,Bedsheets And Pillowcase 4by6,"₦ 37,500",,
259,Quality duvet bedsheets pillow cases,"₦ 26,999 - ₦ 39,200",,
260,Quality duvet bedsheets pillow cases,"₦ 28,000 - ₦ 39,000",,
261,"Plain White Set Of Duvet, Bedsheets And 2 Pillowcases","₦ 47,025","₦ 49,500",
262,Quality Duvet Bedsheets With Pillowcase,"₦ 38,000 - ₦ 49,000",,
263,"Duvet,Bedsheets With Pillowcases+Duvet Bag.","₦ 51,999",,
264,America Polish High Quality Duvet Bedsheets And Pillow Cases,"₦ 39,000 - ₦ 45,500",,
265,Beautiful Pattern Bedsheets And Pillowcases,"₦ 16,000",,
266,"Duvet, Bedsheets And Four Pillowcases","₦ 38,000 - ₦ 49,000",,
267,Bedsheets And Pillowcase 7by7,"₦ 41,500",,
268,"Bedding Collection Duvet, Bedsheets And Four Pillowcases","₦ 37,500",,
269,Beautiful Pattern Bedsheets And Pillowcases,"₦ 12,500 - ₦ 17,500",,4 out of 5
270,Beautiful Pattern Bedsheets And Pillowcases,"₦ 16,000",,
271,"Duvet, Bedsheets And Four Pillowcases","₦ 28,000 - ₦ 31,500",,4.5 out of 5
272,Beautiful Pattern Bedsheets And Pillowcases,"₦ 12,500 - ₦ 17,500",,
273,Beautiful Pattern Bedsheets And Pillowcases,"₦ 12,500 - ₦ 17,500",,
274,"Duvet, Bedsheets And Four Pillowcases","₦ 38,000 - ₦ 49,000",,
275,Quality duvet bedsheets pillow cases,"₦ 26,950 - ₦ 38,700",,
276,"Quality Duvet, Bedsheets And 4 Pillowcases","₦ 34,500 - ₦ 36,500",,
277,Beautiful Pattern Bedsheets And Pillowcases,"₦ 12,500 - ₦ 17,500",,
278,Beautiful Pattern Bedsheets And Pillowcases,"₦ 12,500 - ₦ 17,500",,
279,Duvet bedsheets with four pillowcase  6by6,"₦ 38,500",,
280,Quality duvet bedsheets pillow cases,"₦ 25,999 - ₦ 38,700",,
281,Quality duvet bedsheets pillow cases,"₦ 27,200 - ₦ 38,700",,
282,Beautiful Pattern Bedsheets And Pillowcases,"₦ 12,500 - ₦ 17,500",,
283,"Quality Duvet, Bedsheets And 4 Pillowcases","₦ 228,500 - ₦ 231,500",,
284,"Quality Duvet, Bedsheets And 4 Pillowcases","₦ 285,000 - ₦ 315,000",,
285,Quality Duvet Bedsheets With Pillowcase,"₦ 38,000 - ₦ 49,000",,
286,"Quality Duvet,Bedsheets And Four Pillowcases","₦ 35,000 - ₦ 48,000",,
287,"America pure cotton polish material, duvet bedsheets and pillow cases","₦ 38,000 - ₦ 46,000",,
288,Bedsheets And Pillowcase 7by7,"₦ 22,325","₦ 23,500",
289,"LUXURY PLAIN WHITE ,Bedsheets And Pillowcases(Soft Cotton)","₦ 29,000",,
290,"Duvet,Bedsheets And Four Pillowcases","₦ 43,000",,
291,Quality Duvet/ bedsheets with Four pillowcases 6by6,"₦ 39,000",,
292,"Bedsheets, duvet and four pillowcases 6 by 6","₦ 38,500",,
293,"Multi Colour Designed Duvet, Bedsheets With  Pillowcases","₦ 45,000",,
294,Beautiful Pattern Bedsheets And Pillowcases,"₦ 16,000",,
295,"Duvet, Bedsheets And Four Pillowcases","₦ 30,000 - ₦ 32,000",,
296,Beautiful Bedsheets + Duvet With Pillowcases,"₦ 45,500 - ₦ 47,500",,4.7 out of 5
297,Duvet Cover Set Plain white Luxury Duvet set and bedsheets and pillowcases  4by6,"₦ 45,000",,
298,Beautiful Pattern Bedsheets And Pillowcases,"₦ 13,000 - ₦ 18,000",,
299,Bedding Sets Unique Designed Bedsheets With 4 Pillowcase,"₦ 19,500",,
300,"Bedding Collection Duvet, Bedsheets And Four Pillowcases","₦ 37,500",,
301,"Quality Duvet,Bedsheets And Four Pillowcases","₦ 35,000 - ₦ 48,000",,
302,"Bedding Sets  LUXURY BABY Duvet,Bedsheets And  Two Pillowcases","₦ 39,000",,
303,Duvet/ bedsheets with four pillowcase 6by7,"₦ 38,500",,
304,"Duvet,Bedsheets And Four Pillowcases","₦ 38,000 - ₦ 48,000",,
305,"Bedding Sets LUXURY BABY Duvet,Bedsheets And 4 Pillowcases","₦ 43,000",,
306,"Quality bedsheets,duvet and pillowcases -Navy blue and orange","₦ 26,000 - ₦ 30,000","₦ 29,000 - ₦ 35,000",
307,Duvet +Bedsheets+Pillowcases,"₦ 38,000 - ₦ 48,000",,
308,"Quality Duvet,Bedsheets And Four Pillowcases","₦ 38,000 - ₦ 48,000",,
309,"Quality Duvet,Bedsheets And 4 Pillowcases","₦ 38,000 - ₦ 48,000",,
310,"Quality Duvet,Bedsheets And Four Pillowcases","₦ 35,000 - ₦ 48,000",,
311,"Quality Duvet,Bedsheets And Four Pillowcases","₦ 35,000 - ₦ 48,000",,
312,"Bedding Sets NEW DESIGN Duvet,Bedsheets And Pillowcases","₦ 45,000",,
313,Quality Duvet Bedsheets With Pillowcase,"₦ 38,000 - ₦ 49,000",,
314,"Quality Duvet,Bedsheets And Four Pillowcases","₦ 38,000 - ₦ 48,000",,
315,Bedsheets and four pillowcases,"₦ 38,800",,
316,Quality Duvet Bedsheets With Pillowcase,"₦ 38,000 - ₦ 49,000",,
317,"Quality Duvet,Bedsheets And 4 Pillowcases","₦ 38,000 - ₦ 48,000",,
318,"Quality Duvet,Bedsheets And 4 Pillowcases","₦ 38,000 - ₦ 48,000",,
319,Quality bedsheets with 4 pillowcases,"₦ 20,500",,
320,"Quality Duvet,Bedsheets And 4 Pillowcases","₦ 38,000 - ₦ 48,000",,
321,"Duvet, Bedsheets And Four Pillowcases","₦ 38,000 - ₦ 48,000",,
322,"Duvet, Bedsheets And Four Pillowcases","₦ 38,000 - ₦ 49,000",,
323,"Duvet, Bedsheets And Four Pillowcases","₦ 38,000 - ₦ 48,000",,
324,"Duvet,Bedsheets And Four Pillowcases","₦ 38,000 - ₦ 48,000",,
325,"Quality Duvet,Bedsheets And Four Pillowcases","₦ 38,000 - ₦ 48,000",,
326,"Duvet,Bedsheets And Four Pillowcases","₦ 38,000 - ₦ 48,000",,
327,"Duvet,Bedsheets And Four Pillowcases","₦ 38,000 - ₦ 48,000",,
328,Duvet +Bedsheets+Pillowcases,"₦ 38,000 - ₦ 48,000",,
329,Duvet +Bedsheets+Pillowcases,"₦ 38,000 - ₦ 48,000",,
330,"Quality Duvet,Bedsheets And Four Pillowcases","₦ 38,000 - ₦ 48,000",,
331,Duvet +Bedsheets+Pillowcases,"₦ 38,000 - ₦ 48,000",,
332,"Quality Duvet, Bedsheets And Four Pillowcases","₦ 38,000 - ₦ 48,000",,
333,"Quality Duvet,Bedsheets And Four Pillowcases","₦ 38,000 - ₦ 48,000",,
334,"Quality Duvet,Bedsheets And Four Pillowcases","₦ 38,000 - ₦ 48,000",,
335,Beautiful Pattern Bedsheets And Pillowcases,"₦ 16,000",,
336,Beautiful Pattern Bedsheets And Pillowcases,"₦ 16,000",,
337,"Bedding Sets Duvet,Bedsheets And  Two Pillowcases","₦ 33,000",,
338,Duvet +Bedsheets+Pillowcases,"₦ 38,000 - ₦ 48,000",,
339,Duvet +Bedsheets+Pillowcases,"₦ 38,000 - ₦ 48,000",,
340,Duvet +Bedsheets+Pillowcases,"₦ 38,000 - ₦ 48,000",,
341,Duvet +Bedsheets+Pillowcases,"₦ 38,000 - ₦ 48,000",,
342,Duvet +Bedsheets+Pillowcases,"₦ 38,000 - ₦ 48,000",,
343,"Duvet, Bedsheets And Four Pillowcases","₦ 46,000",,
344,Beautiful Pattern Bedsheets And Pillowcases,"₦ 12,500 - ₦ 17,500",,
345,"Bedding Sets Duvet,Bedsheets And Four Pillowcases","₦ 46,000",,
346,"Quality Duvet,Bedsheets And 4 Pillowcases","₦ 38,000 - ₦ 48,000",,
347,"Quality Duvet,Bedsheets And 4 Pillowcases","₦ 38,000 - ₦ 48,000",,
348,"Quality Duvet,Bedsheets And 4 Pillowcases","₦ 38,000 - ₦ 48,000",,
349,"Quality Duvet,Bedsheets And 4 Pillowcases","₦ 38,000 - ₦ 48,000",,
350,6by7 Duvet & Bedsheets set with Four pillowcases,"₦ 39,500",,
351,6by6 Duvet /bedsheets with Four pillowcases,"₦ 38,500",,
352,Duvet & bedsheets with four pillowcases- 6by6,"₦ 38,500",,
353,Quality Duvet & bedsheets with Four Pillowcases,"₦ 36,575","₦ 38,500",
354,Quality bedsheets with four pillowcases,"₦ 19,475","₦ 20,500",
355,Modern Navy Check Bedsheets With Pillowcases,"₦ 7,000 - ₦ 13,900","₦ 11,000 - ₦ 17,500",
356,Pattern Bedsheets With Pillowcases Set,"₦ 7,000 - ₦ 13,900","₦ 11,000 - ₦ 17,500",
357,Duvet /bedsheets with four pillowcases 7by7,"₦ 41,500",,
358,Bedsheets Set with 4 pillowcases 6by6,"₦ 38,500",,
359,"Plain Colour Duvet,Bedsheets And 4 Pillowcases.","₦ 28,999",,4.3 out of 5
360,"Plain Colour Duvet,Bedsheets And 4 Pillowcases.","₦ 24,999 - ₦ 26,999",,
361,"Plain Colour Duvet,Bedsheets And 4 Pillowcase.","₦ 25,500 - ₦ 25,999",,
362,"Plain Colour Duvet,Bedsheets And 4 Pillowcases.","₦ 24,999",,1 out of 5
363,"Plain Colour Duvet,Bedsheets And 4 Pillowcase.","₦ 23,999 - ₦ 24,999",,3.8 out of 5
364,Spice Bedsheets Beautiful Bedsheets With Pillowcase (NO DUVET),"₦ 7,500 - ₦ 14,999","₦ 10,000 - ₦ 20,000",3.8 out of 5
365,Spice Bedsheets Bedsheet With Pillowcases (NO DUVET),"₦ 13,299 - ₦ 14,999","₦ 15,000 - ₦ 20,000",4.3 out of 5
366,Spice Bedsheets Black/red Duvet And Bedsheet With Pillowcases,"₦ 38,990","₦ 45,000",5 out of 5
367,Spice Bedsheets Bedsheets With Pillowcases(NO duvet),"₦ 10,999 - ₦ 14,999","₦ 20,000",
368,Bedding Sets Bedsheet and duvet with pillowcases,"₦ 26,000","₦ 40,000",
369,Spice Bedsheets Bedsheets With Pillowcases(NO DUVET),"₦ 10,899 - ₦ 14,999","₦ 20,000",
370,Spice Bedsheets Bedsheet And Duvet With Pillowcases(pure American Cotton),"₦ 33,850 - ₦ 36,850","₦ 40,000 - ₦ 45,000",4.5 out of 5
371,Spice Bedsheets Bedsheet With Pillowcases(NO DUVET),"₦ 10,999 - ₦ 14,999","₦ 20,000",
372,Spice Bedsheets Bedsheets With Pillowcases(NO duvet),"₦ 10,999 - ₦ 14,999","₦ 20,000",
373,"Bedding Sets Quality Duvet, Bedsheets And Four Pillowcases (6 by 6) DEEP GREEN WUTH GOLD PATTERNS","₦ 38,000","₦ 48,000",
374,Bedding Sets Bedsheet With Pillowcases(NO DUVET),"₦ 10,999 - ₦ 14,999","₦ 20,000",
375,"Bedding Sets  Quality Duvet, Bedsheets And Four Pillowcases (6 by 6) DEEP NAVY BLUE WITH GOLD","₦ 38,000","₦ 48,000",
376,Bedding Sets Quality Bedsheets With Pillowcase(s) (no duvet),"₦ 6,999 - ₦ 13,999","₦ 11,500 - ₦ 17,500",1 out of 5
377,Silk Bedsheets With Duvet And Pillowcases,"₦ 34,999 - ₦ 53,000",,5 out of 5
378,"Unique Duvet,Bedsheets With Pillowcases-Stripe White","₦ 15,999 - ₦ 29,999",,4.2 out of 5
379,"Unique Duvet,Bedsheets With Pillowcases-Stripe White","₦ 24,500 - ₦ 30,800",,
380,Bedding Sets Unique Quality Bedsheets With Pillowcase(no duvet),"₦ 6,999 - ₦ 13,999","₦ 11,900 - ₦ 18,500",1 out of 5
381,"Unique Duvet, +Bedsheets + Four Pillowcases","₦ 23,999 - ₦ 25,999",,3 out of 5
382,Purple Bedsheets With Duvet And Pillowcases,"₦ 40,999 - ₦ 49,999",,
383,Plain  Duvet With  Bedsheets + 4 Pillowcases,"₦ 23,000 - ₦ 25,999",,
384,"Luxury soft duvet, bedsheets and pillowcases","₦ 30,000",,
385,"Bedding Sets Duvet,Bedsheets And Four Pillowcases GREEN FLOWER","₦ 75,000","₦ 95,000",
386,"Duvet, +Bedsheets + Four Pillowcase","₦ 28,500 - ₦ 30,500",,4.5 out of 5
387,"""Multi Colour Designed Duvet, Bedsheets With 4 Pillowcases ""","₦ 40,000",,
388,"Bedding Sets Duvet,Bedsheets And Four Pillowcases","₦ 78,500","₦ 95,000",
389,"Luxury unique duvet, bedsheets and pillowcases","₦ 30,000",,
390,"Duvet,Bedsheets And Four Pillowcases 7 BY 7","₦ 77,000","₦ 90,000",
391,"Bedding Sets Duvet,Bedsheets And Four Pillowcases","₦ 78,000","₦ 90,000",
392,"Lovely Duvet,Bedsheets And 4 Pillowcases.","₦ 24,999 - ₦ 25,999",,3.5 out of 5
393,"Plain Colour Duvet,Bedsheets And 4 Pillowcase.","₦ 26,999 - ₦ 28,999",,3.3 out of 5
394,"Plain Colour Duvet,Bedsheets And 4 Pillowcases.","₦ 23,999 - ₦ 25,999",,4.2 out of 5
395,"Plain Colour Duvet,Bedsheets And 4 Pillowcase.","₦ 48,500",,
396,Mateamoda Beddings Bedsheets Duvet Pillowcases Bedspreads Coverlet,"₦ 5,888","₦ 10,421",2.2 out of 5
397,Mateamoda Bedsheets Duvet Pillowcases Bedspreads Coverlet Flat Sheets,"₦ 5,066 - ₦ 9,238","₦ 9,700 - ₦ 18,610",2.3 out of 5
398,"Duvet,Bedsheets With Pillowcases-black/brown.","₦ 27,000 - ₦ 30,000",,2.8 out of 5
399,Duvet +Bedsheets+ Pillowcases - Black & Red,"₦ 26,999",,3 out of 5
400,White Golden  Bedsheets And Pillowcases +duvet - White Gold,"₦ 30,000 - ₦ 46,500",,3 out of 5
401,White Golden  Bedsheets And Pillowcases +duvet - White Gold,"₦ 29,500 - ₦ 32,000",,3 out of 5
